CampaignID,CampaignName,Channel,StartDate,EndDate,CampaignCost,TargetCategory,TargetBundleID
1,Spring Sale,Radio,2021-03-01,2021-03-30,9748,Electronics,8
2,Summer Clearance,Web Ads,2021-05-30,2021-06-28,26233,Home & Kitchen,1
3,Back to School,Social Media,2021-08-28,2021-09-26,14435,Books,6
4,Black Friday,TV,2021-11-26,2021-12-25,8709,Toys,5
5,Holiday Special,TV,2022-02-24,2022-03-25,28003,Electronics,6
6,Flash Deal,Social Media,2022-05-25,2022-06-23,18116,Toys,10
7,BOGO Offer,Social Media,2022-08-23,2022-09-21,14576,Electronics,
8,New Year Kickoff,Radio,2022-11-21,2022-12-20,15150,Electronics,
