ProductID,ProductName,Category,Cost,Price
100,Product_100,Toys,291.02,493.32
101,Product_101,Clothing,14.86,36.57
102,Product_102,Home & Kitchen,267.56,613.98
103,Product_103,Electronics,159.25,364.66
104,Product_104,Books,297.9,538.99
105,Product_105,Books,23.99,41.72
106,Product_106,Toys,167.05,259.83
107,Product_107,Clothing,290.85,370.34
108,Product_108,Electronics,157.88,366.94
109,Product_109,Clothing,189.56,427.79
110,Product_110,Electronics,209.33,523.25
111,Product_111,Toys,137.45,343.02
112,Product_112,Toys,189.01,363.29
113,Product_113,Books,176.13,387.43
114,Product_114,Clothing,270.55,656.95
115,Product_115,Books,15.54,35.81
116,Product_116,Clothing,85.73,130.44
117,Product_117,Books,285.22,509.32
118,Product_118,Home & Kitchen,267.3,365.64
119,Product_119,Home & Kitchen,137.79,336.24
120,Product_120,Home & Kitchen,186.8,371.36
121,Product_121,Home & Kitchen,84.66,126.76
122,Product_122,Electronics,58.06,120.37
123,Product_123,Home & Kitchen,140.18,280.86
124,Product_124,Toys,107.3,178.72
125,Product_125,Toys,175.93,237.09
126,Product_126,Electronics,25.16,52.16
127,Product_127,Home & Kitchen,292.37,548.6
128,Product_128,Home & Kitchen,295.89,652.15
129,Product_129,Home & Kitchen,210.05,394.1
130,Product_130,Books,161.76,373.32
131,Product_131,Clothing,94.24,180.7
132,Product_132,Books,244.51,471.71
133,Product_133,Clothing,206.05,482.08
134,Product_134,Home & Kitchen,50.46,87.02
135,Product_135,Home & Kitchen,273.46,375.79
136,Product_136,Books,247.12,305.79
137,Product_137,Books,285.04,621.87
138,Product_138,Clothing,218.26,437.92
139,Product_139,Toys,184.8,390.91
140,Product_140,Clothing,126.64,187.03
141,Product_141,Books,279.95,385.57
142,Product_142,Books,260.09,317.03
143,Product_143,Electronics,15.48,25.63
144,Product_144,Books,9.86,19.39
145,Product_145,Electronics,114.19,195.26
146,Product_146,Toys,243.54,430.75
147,Product_147,Clothing,296.21,703.62
148,Product_148,Clothing,46.82,77.38
149,Product_149,Electronics,179.05,334.5
