BundleID,ProductID,BundleName
1,117,Bundle_1
1,144,Bundle_1
1,107,Bundle_1
1,115,Bundle_1
2,142,Bundle_2
2,148,Bundle_2
2,115,Bundle_2
3,143,Bundle_3
3,126,Bundle_3
3,123,Bundle_3
3,103,Bundle_3
4,136,Bundle_4
4,109,Bundle_4
5,135,Bundle_5
5,111,Bundle_5
5,104,Bundle_5
5,149,Bundle_5
6,143,Bundle_6
6,136,Bundle_6
6,123,Bundle_6
7,140,Bundle_7
7,107,Bundle_7
7,101,Bundle_7
8,129,Bundle_8
8,122,Bundle_8
8,105,Bundle_8
9,143,Bundle_9
9,137,Bundle_9
9,100,Bundle_9
10,121,Bundle_10
10,114,Bundle_10
10,146,Bundle_10
10,119,Bundle_10
