StoreID,StoreName,Region,ManagerName,Worker1,Worker2,Worker3
1,Store_1,East,Manager_1,WorkerA_1,WorkerB_1,WorkerC_1
2,Store_2,East,Manager_2,WorkerA_2,WorkerB_2,WorkerC_2
3,Store_3,North,Manager_3,WorkerA_3,WorkerB_3,WorkerC_3
4,Store_4,West,Manager_4,WorkerA_4,WorkerB_4,WorkerC_4
5,Store_5,East,Manager_5,WorkerA_5,WorkerB_5,WorkerC_5
6,Store_6,North,Manager_6,WorkerA_6,WorkerB_6,WorkerC_6
7,Store_7,East,Manager_7,WorkerA_7,WorkerB_7,WorkerC_7
8,Store_8,South,Manager_8,WorkerA_8,WorkerB_8,WorkerC_8
9,Store_9,South,Manager_9,WorkerA_9,WorkerB_9,WorkerC_9
10,Store_10,North,Manager_10,WorkerA_10,WorkerB_10,WorkerC_10
11,Store_11,East,Manager_11,WorkerA_11,WorkerB_11,WorkerC_11
12,Store_12,East,Manager_12,WorkerA_12,WorkerB_12,WorkerC_12
13,Store_13,West,Manager_13,WorkerA_13,WorkerB_13,WorkerC_13
14,Store_14,North,Manager_14,WorkerA_14,WorkerB_14,WorkerC_14
15,Store_15,North,Manager_15,WorkerA_15,WorkerB_15,WorkerC_15
16,Store_16,North,Manager_16,WorkerA_16,WorkerB_16,WorkerC_16
17,Store_17,South,Manager_17,WorkerA_17,WorkerB_17,WorkerC_17
18,Store_18,South,Manager_18,WorkerA_18,WorkerB_18,WorkerC_18
19,Store_19,East,Manager_19,WorkerA_19,WorkerB_19,WorkerC_19
20,Store_20,East,Manager_20,WorkerA_20,WorkerB_20,WorkerC_20
